Workbook

Sheet Cronograma
A1: Cronograma de estudo - Curso de UX
A2: Total de horas do curso restante | B2: =SUM(F5:F44) -> 259.91667 | C2: Data de inicio | D2: =MIN(B5:B44) -> 46200
A3: Total de dias de estudo | B3: =COUNTA(A5:A44) -> 40 | C3: Data de termino (prevista) | D3: =MAX(B5:B44) -> 46239
A4: Dia | B4: Data | C4: Dia da semana | D4: Qtd. aulas | E4: Minutos | F4: Horas do dia | G4: Horas acumuladas | H4: Horas restantes | I4: % concluido | J4: Status
A5: 1 | B5: 46200 | C5: Sabado | D5: =COUNTIF(Aulas!$D$2:$D$367,A5) -> 25 | E5: =SUMIF(Aulas!$D$2:$D$367,A5,Aulas!$C$2:$C$367) -> 360 | F5: =E5/60 -> 6 | G5: =F5 -> 6 | H5: =$B$2-G5 -> 253.91667 | I5: =G5/$B$2 -> 0.023084322 | J5: Pendente
A6: 2 | B6: 46201 | C6: Domingo | D6: =COUNTIF(Aulas!$D$2:$D$367,A6) -> 32 | E6: =SUMIF(Aulas!$D$2:$D$367,A6,Aulas!$C$2:$C$367) -> 377 | F6: =E6/60 -> 6.2833333 | G6: =G5+F6 -> 12.283333 | H6: =$B$2-G6 -> 247.63333 | I6: =G6/$B$2 -> 0.047258737 | J6: Pendente
A7: 3 | B7: 46202 | C7: Segunda-feira | D7: =COUNTIF(Aulas!$D$2:$D$367,A7) -> 15 | E7: =SUMIF(Aulas!$D$2:$D$367,A7,Aulas!$C$2:$C$367) -> 361 | F7: =E7/60 -> 6.0166667 | G7: =G6+F7 -> 18.3 | H7: =$B$2-G7 -> 241.61667 | I7: =G7/$B$2 -> 0.070407182 | J7: Pendente
A8: 4 | B8: 46203 | C8: Terca-feira | D8: =COUNTIF(Aulas!$D$2:$D$367,A8) -> 11 | E8: =SUMIF(Aulas!$D$2:$D$367,A8,Aulas!$C$2:$C$367) -> 401 | F8: =E8/60 -> 6.6833333 | G8: =G7+F8 -> 24.983333 | H8: =$B$2-G8 -> 234.93333 | I8: =G8/$B$2 -> 0.096120551 | J8: Pendente
A9: 5 | B9: 46204 | C9: Quarta-feira | D9: =COUNTIF(Aulas!$D$2:$D$367,A9) -> 6 | E9: =SUMIF(Aulas!$D$2:$D$367,A9,Aulas!$C$2:$C$367) -> 383 | F9: =E9/60 -> 6.3833333 | G9: =G8+F9 -> 31.366667 | H9: =$B$2-G9 -> 228.55 | I9: =G9/$B$2 -> 0.12067971 | J9: Pendente
A10: 6 | B10: 46205 | C10: Quinta-feira | D10: =COUNTIF(Aulas!$D$2:$D$367,A10) -> 7 | E10: =SUMIF(Aulas!$D$2:$D$367,A10,Aulas!$C$2:$C$367) -> 427 | F10: =E10/60 -> 7.1166667 | G10: =G9+F10 -> 38.483333 | H10: =$B$2-G10 -> 221.43333 | I10: =G10/$B$2 -> 0.14806028 | J10: Pendente
A11: 7 | B11: 46206 | C11: Sexta-feira | D11: =COUNTIF(Aulas!$D$2:$D$367,A11) -> 12 | E11: =SUMIF(Aulas!$D$2:$D$367,A11,Aulas!$C$2:$C$367) -> 404 | F11: =E11/60 -> 6.7333333 | G11: =G10+F11 -> 45.216667 | H11: =$B$2-G11 -> 214.7 | I11: =G11/$B$2 -> 0.17396601 | J11: Pendente
A12: 8 | B12: 46207 | C12: Sabado | D12: =COUNTIF(Aulas!$D$2:$D$367,A12) -> 13 | E12: =SUMIF(Aulas!$D$2:$D$367,A12,Aulas!$C$2:$C$367) -> 373 | F12: =E12/60 -> 6.2166667 | G12: =G11+F12 -> 51.433333 | H12: =$B$2-G12 -> 208.48333 | I12: =G12/$B$2 -> 0.19788394 | J12: Pendente
A13: 9 | B13: 46208 | C13: Domingo | D13: =COUNTIF(Aulas!$D$2:$D$367,A13) -> 10 | E13: =SUMIF(Aulas!$D$2:$D$367,A13,Aulas!$C$2:$C$367) -> 383 | F13: =E13/60 -> 6.3833333 | G13: =G12+F13 -> 57.816667 | H13: =$B$2-G13 -> 202.1 | I13: =G13/$B$2 -> 0.22244309 | J13: Pendente
A14: 10 | B14: 46209 | C14: Segunda-feira | D14: =COUNTIF(Aulas!$D$2:$D$367,A14) -> 8 | E14: =SUMIF(Aulas!$D$2:$D$367,A14,Aulas!$C$2:$C$367) -> 430 | F14: =E14/60 -> 7.1666667 | G14: =G13+F14 -> 64.983333 | H14: =$B$2-G14 -> 194.93333 | I14: =G14/$B$2 -> 0.25001603 | J14: Pendente
A15: 11 | B15: 46210 | C15: Terca-feira | D15: =COUNTIF(Aulas!$D$2:$D$367,A15) -> 16 | E15: =SUMIF(Aulas!$D$2:$D$367,A15,Aulas!$C$2:$C$367) -> 368 | F15: =E15/60 -> 6.1333333 | G15: =G14+F15 -> 71.116667 | H15: =$B$2-G15 -> 188.8 | I15: =G15/$B$2 -> 0.27361334 | J15: Pendente
A16: 12 | B16: 46211 | C16: Quarta-feira | D16: =COUNTIF(Aulas!$D$2:$D$367,A16) -> 20 | E16: =SUMIF(Aulas!$D$2:$D$367,A16,Aulas!$C$2:$C$367) -> 391 | F16: =E16/60 -> 6.5166667 | G16: =G15+F16 -> 77.633333 | H16: =$B$2-G16 -> 182.28333 | I16: =G16/$B$2 -> 0.29868548 | J16: Pendente
A17: 13 | B17: 46212 | C17: Quinta-feira | D17: =COUNTIF(Aulas!$D$2:$D$367,A17) -> 10 | E17: =SUMIF(Aulas!$D$2:$D$367,A17,Aulas!$C$2:$C$367) -> 439 | F17: =E17/60 -> 7.3166667 | G17: =G16+F17 -> 84.95 | H17: =$B$2-G17 -> 174.96667 | I17: =G17/$B$2 -> 0.32683552 | J17: Pendente
... A44: 40 | B44: 46239 | C44: Quarta-feira | D44: =COUNTIF(Aulas!$D$2:$D$367,A44) -> 17 | E44: =SUMIF(Aulas!$D$2:$D$367,A44,Aulas!$C$2:$C$367) -> 215 | F44: =E44/60 -> 3.5833333 | G44: =G43+F44 -> 259.91667 | H44: =$B$2-G44 -> 0 | I44: =G44/$B$2 -> 1 | J44: Pendente

Sheet Aulas
A1: Aula # | B1: Bloco | C1: Duracao (min) | D1: Dia atribuido | E1: Data | F1: Status
A2: 1 | B2: Iniciado | C2: 9 | D2: 1 | E2: =VLOOKUP(D2,Cronograma!$A$5:$B$44,2,FALSE()) -> 46200 | F2: Pendente
A3: 2 | B3: Iniciado | C3: 26 | D3: 1 | E3: =VLOOKUP(D3,Cronograma!$A$5:$B$44,2,FALSE()) -> 46200 | F3: Pendente
A4: 3 | B4: Iniciado | C4: 15 | D4: 1 | E4: =VLOOKUP(D4,Cronograma!$A$5:$B$44,2,FALSE()) -> 46200 | F4: Pendente
A5: 4 | B5: Iniciado | C5: 10 | D5: 1 | E5: =VLOOKUP(D5,Cronograma!$A$5:$B$44,2,FALSE()) -> 46200 | F5: Pendente
A6: 5 | B6: Iniciado | C6: 15 | D6: 1 | E6: =VLOOKUP(D6,Cronograma!$A$5:$B$44,2,FALSE()) -> 46200 | F6: Pendente
A7: 6 | B7: Iniciado | C7: 15 | D7: 1 | E7: =VLOOKUP(D7,Cronograma!$A$5:$B$44,2,FALSE()) -> 46200 | F7: Pendente
A8: 7 | B8: Iniciado | C8: 12 | D8: 1 | E8: =VLOOKUP(D8,Cronograma!$A$5:$B$44,2,FALSE()) -> 46200 | F8: Pendente
A9: 8 | B9: Iniciado | C9: 13 | D9: 1 | E9: =VLOOKUP(D9,Cronograma!$A$5:$B$44,2,FALSE()) -> 46200 | F9: Pendente
A10: 9 | B10: Iniciado | C10: 15 | D10: 1 | E10: =VLOOKUP(D10,Cronograma!$A$5:$B$44,2,FALSE()) -> 46200 | F10: Pendente
A11: 10 | B11: Iniciado | C11: 12 | D11: 1 | E11: =VLOOKUP(D11,Cronograma!$A$5:$B$44,2,FALSE()) -> 46200 | F11: Pendente
A12: 11 | B12: Iniciado | C12: 12 | D12: 1 | E12: =VLOOKUP(D12,Cronograma!$A$5:$B$44,2,FALSE()) -> 46200 | F12: Pendente
A13: 12 | B13: Iniciado | C13: 14 | D13: 1 | E13: =VLOOKUP(D13,Cronograma!$A$5:$B$44,2,FALSE()) -> 46200 | F13: Pendente
... A367: 366 | B367: IA | C367: 69 | D367: 40 | E367: =VLOOKUP(D367,Cronograma!$A$5:$B$44,2,FALSE()) -> 46239 | F367: Pendente
